q,r0,f,coalescence_time,merged
0.7141166769233291,5.80731528203334,0.654251910940828,8.0,0
0.26593462962880277,7.638588516275455,1.0684661546590415,8.0,0
0.9310104982243508,9.148615966956594,1.0738281931151015,8.0,0
0.9009034238000673,12.694556828442979,0.6714752207481576,8.0,0
0.8418174364876702,8.206444450626432,1.0190269365642968,8.0,0
0.6669461841307127,18.911108877877506,0.6623357320244931,8.0,0
0.8192126157580746,12.772475552790713,0.6620889373719472,8.0,0
0.24931359391667013,12.466834527466908,0.9079072484307239,8.0,0
0.26590418868563176,5.223423751403484,0.8297932602233226,8.0,0
0.7554189953649355,18.77900737660315,0.9378738040148248,8.0,0
0.9254103152928421,17.970353766406625,0.6527000112749916,8.0,0
0.8795146876644186,15.961279045568807,0.6945057032092494,8.0,0
0.8173391978651181,17.97832569265605,0.7096065269462201,8.0,0
0.5743378756272672,6.072302099350954,0.9082668871057407,8.0,0
0.31411575966665584,16.474454691554726,0.6215421453227817,8.0,0
0.38146803062569024,5.217117151851005,0.5227863451246125,8.0,0
0.5470316576158064,12.024688016398642,0.5893832260247344,8.0,0
0.3318062544185715,5.047716639399674,0.7667474234710734,8.0,0
0.6182857756332699,11.409481569244253,1.0845716431159986,8.0,0
0.6548421262691708,8.991258680169121,1.067715477922658,8.0,0
0.5495380752727156,16.382154815058016,0.8962623604287032,8.0,0
0.4936963254015332,10.942316666261352,0.5155647015439152,8.0,0
0.5224157093511663,14.353376032371585,1.1622793947075194,8.0,0
0.4917934721489381,12.284621046199957,0.8633806007856468,8.0,0
0.4677318819929044,13.68193578276871,0.5492454712930077,8.0,0
0.5395454480829015,14.152172424525984,1.0207153751237596,8.0,0
0.48684728839082203,9.542031990835765,0.5041230233222288,8.0,0
0.7808310731313615,6.163639552978646,0.8429916263612396,8.0,0
0.3739249871042106,17.612332432645417,1.1653331035750587,8.0,0
0.3869871208609448,18.46652433389386,0.7362703354272395,8.0,0
0.8309008994622188,16.98265397088671,0.9586996239077552,8.0,0
0.30583310929804486,7.065116971134026,0.7970597972489079,8.0,0
0.23638487771737618,18.099094231820775,0.625388730241461,8.0,0
0.12726519545109446,13.388745157004982,0.8001643773464135,8.0,0
0.8727376794034187,7.412470632934916,0.7522475895742652,8.0,0
0.6764589431493223,18.966190244176403,0.6832607154633031,8.0,0
0.7192885722236623,7.2357897853304385,1.0181084813947534,8.0,0
0.3638631547189537,8.65617656855611,0.6608750064914419,8.0,0
0.43358604865080863,9.928326312217212,0.9288491702727057,8.0,0
0.5902438601724724,16.24464657336363,0.7064679997982282,8.0,0
0.9644983555375274,13.152241379001586,0.9755969038866622,8.0,0
0.719433323643417,7.284466891240024,0.6015171160859356,8.0,0
0.515839439844802,12.829003001215645,0.690431327212832,8.0,0
0.2621088522496508,12.558816307883458,0.9617468438860866,8.0,0
0.3058790080800406,8.27627346295601,1.1684293412741107,8.0,0
0.7524036407478153,5.5150527238797205,1.1871319239341427,8.0,0
0.10764654966269979,8.974428224769365,1.1421269060742216,8.0,0
0.17234894475082274,17.82073556330492,0.6012741781599543,8.0,0
0.2613169699562506,16.770102099488366,1.126796839628466,8.0,0
0.5146608934650677,5.577255233033305,0.7207136821487766,8.0,0
0.11376392472317148,10.237605276966523,0.9615170132208777,8.0,0
0.33869451897401737,14.78028257661417,1.1492361376364668,8.0,0
0.5195248827259908,8.106643409982995,1.1458999712478444,8.0,0
0.9512709498483387,7.023584808784782,1.1297469736376575,8.0,0
0.3629342501545697,6.922631648303688,0.5826536831632743,8.0,0
0.7835050693766624,6.326637716282603,1.0342062205244362,8.0,0
0.3156566985875695,11.28175684884381,0.6001123939970477,8.0,0
0.6874028174101966,11.866788902815006,0.7756811059364077,8.0,0
0.8242058237663934,11.885226656206738,0.9840978361207882,8.0,0
0.8037901693839153,14.223218873623425,1.1729736263393025,8.0,0
0.5957902426794949,8.28518790906514,0.8793158900535778,8.0,0
0.32010128274988736,6.249905258158115,1.0294534642204167,8.0,0
0.3380477936510028,9.70460655562983,1.1918400006817873,8.0,0
0.4605020484356668,11.619681437400217,1.1444191109564539,8.0,0
0.8110597404524624,17.892231314850264,0.827849699752962,8.0,0
0.2912532163552243,5.984582247513771,0.5558698133533018,8.0,0
0.2232905977204197,9.040233862539042,1.0441617652350539,8.0,0
0.30657340791640975,11.326903722053558,0.8206955744819675,8.0,0
0.37871739292537066,7.655163540098672,0.68762155116358,8.0,0
0.8671189430980438,19.911084120705308,0.7594719717549288,8.0,0
0.5155758178872081,10.024828304940414,0.7558070934999965,8.0,0
0.7184561450273529,16.029894710612957,0.7219263125171891,8.0,0
0.23051807731500704,15.612890039306862,0.8075736981561263,8.0,0
0.9246657480180726,11.140011636859198,0.5194005048907714,8.0,0
0.753524775842632,19.786728354207284,0.8264532788077862,8.0,0
0.9573844499385099,7.4388456255749045,0.6490017816333815,8.0,0
0.40736083760116837,11.089190540677103,1.129620731858147,8.0,0
0.9752587929620958,12.653183443628045,0.9877209941481617,8.0,0
0.6648570771326732,17.90799131573705,0.5754470697947573,8.0,0
0.6055073459255499,17.12494110249991,1.0419589818822703,8.0,0
0.7907157575566589,19.718000521673932,0.519812671103831,8.0,0
0.1954879637448369,7.29993845079993,0.9066172696773679,8.0,0
0.4877535545316263,5.961941148678731,0.6954281861747211,8.0,0
0.45168422891093307,12.588068288308698,1.0290172244770033,8.0,0
0.5401213325319345,17.385913855040204,0.8783276983033417,8.0,0
0.4214648815562506,17.089662213238327,0.630464982677673,8.0,0
0.9003601286076075,15.101205612366872,1.16736407641697,8.0,0
0.2888586962246248,8.491185561067082,0.8195911444180336,8.0,0
0.2338802307877435,5.595899222408449,0.7463356777992171,8.0,0
0.7759660932722219,18.334775508238895,0.663331678591849,8.0,0
0.9498733221313068,6.18857367854293,0.5548040460621576,8.0,0
0.7348425289147519,6.017042681890512,1.179453175764356,8.0,0
0.3467888292493121,6.930857219638506,1.0379181254053322,8.0,0
0.48020577537438625,18.50113078461606,0.8447209784217453,8.0,0
0.1071852652464674,7.450146847973334,0.5695698616087828,8.0,0
0.2632145441864259,9.058522543338164,0.5527649036751257,8.0,0
0.8910328610164054,15.099392087643555,0.810784131996444,8.0,0
0.9088419837705295,14.17501619503228,0.9772052469972814,8.0,0
0.7413810055236496,11.591959826163633,0.7052149678961758,8.0,0
0.89808272099536,10.536295209886227,0.8057559506396224,8.0,0
0.3486461063653241,13.304668922771937,0.8767000755847915,8.0,0
0.4885604068960403,10.29917820043206,0.8792201545083415,8.0,0
0.4438521476738577,16.686484838088248,0.6073885470625113,8.0,0
0.7484156081102812,8.130020158856011,1.1524173601522771,8.0,0
0.44649254130939553,9.856702230088102,1.1306834302170143,8.0,0
0.1426384836880098,19.664523847990658,1.1500808888517309,8.0,0
0.6981657852231087,13.544012288947192,0.8670469936481022,8.0,0
0.17507479103023466,6.361731968931931,0.9834515833520568,8.0,0
0.9621709096527455,12.653739105723922,0.5007129142668146,8.0,0
0.8459577351603879,17.457906382547925,0.7355583231081756,8.0,0
0.7118367682449892,7.123754737418583,0.6142665846454163,8.0,0
0.7402892836931478,12.648908550733962,0.912247922110917,8.0,0
0.5713352642691335,19.107014345695355,1.0520845257502374,8.0,0
0.9092110368563967,9.374203710752084,1.1857274332981342,8.0,0
0.83689998465103,6.493493294287065,0.5609748573681472,8.0,0
0.2723689340457067,10.045619603279784,0.6536064146511907,8.0,0
0.14665613078809556,11.67519694284029,0.6837583020055826,8.0,0
0.5164029417921595,16.752312126276188,0.725240870457029,8.0,0
0.13627268961759006,17.518069599171927,0.8432229546258663,8.0,0
0.3197339726249793,18.92385971071949,1.0146365367687886,8.0,0
0.4795335678271547,10.206856019797787,0.5497362521403153,8.0,0
0.3570870737587547,15.737441466106219,0.5529444123032482,8.0,0
0.4388301545247173,13.8735731448215,1.0179695666965753,8.0,0
0.768540259564718,9.389118157499613,0.7304696765527546,8.0,0
0.24161356023299718,15.939317617529284,0.6858286943178185,8.0,0
0.5323810070730646,18.49588760643205,0.5045002736995768,8.0,0
0.8710241145835637,16.09773258204361,0.9516066668629701,8.0,0
0.46636951800382687,14.360276422817273,1.164017820712746,8.0,0
0.1857545138813837,6.016579174669432,0.7383479247561509,8.0,0
0.19275090087846602,18.766349512784135,1.0511647498972672,8.0,0
0.24257647602328958,10.60440372413861,0.7907739042074353,8.0,0
0.958980617406132,9.938296296841868,0.8361459646650569,8.0,0
0.5760659580159253,16.727049104232407,1.1076312532810813,8.0,0
0.7036970550766829,10.449938274783865,0.6603322021353688,8.0,0
0.45826799062467427,13.637565966796338,1.0368454785110013,8.0,0
0.9635473123312134,18.101035387256054,1.0514430884220651,8.0,0
0.9105937816782752,15.440755017861877,1.1618431596991718,8.0,0
0.5621936236696631,6.366135401081851,1.010665325458986,8.0,0
0.953630087149083,5.465604067979927,0.9354649565906785,8.0,0
0.3742916563795369,11.062737064416591,1.1426691780502627,8.0,0
0.40095056799479656,14.387194505903052,0.7963791241184509,8.0,0
0.9341489164646356,10.530142394769022,0.5695657026319422,8.0,0
0.47709885525572393,11.076785935266692,1.1197651754127964,8.0,0
0.3982729183819701,9.41006665818265,0.7849220366686365,8.0,0
0.7219087645239866,11.334698735201144,0.8654371621338686,8.0,0
0.7391958501361998,5.401970551727663,0.5932114634650913,8.0,0
0.7526039285217752,18.60763204572889,1.1069190130734596,8.0,0
0.7364824746470288,19.72781989481495,1.0970338538058595,8.0,0
0.7243773975311505,14.601825442724607,1.0971921385161627,8.0,0
0.8921405485062059,9.11056973666789,1.0978133946755047,8.0,0
0.6293861223959976,5.00279569665903,0.6379695922622022,8.0,0
0.8016383470457877,10.132857457051532,1.0901426720524166,8.0,0
0.6424052706073318,19.799824054180696,1.034697962741898,8.0,0
0.18373998497663718,17.566818358011687,0.9647385091165319,8.0,0
0.2981104793495035,12.75206619257284,0.6122462530309281,8.0,0
0.43574146888276244,16.171827185584217,0.817356477777057,8.0,0
0.6953123059104803,18.490177158305837,0.991067562244303,8.0,0
0.18285102989468544,11.187101892947862,0.72129298360284,8.0,0
0.5306067966019943,18.45271759157268,0.7400302202853539,8.0,0
0.7672868056863311,12.024149945357728,1.0864030296701133,8.0,0
0.31213034697860864,12.851834237654444,0.9422682193087337,8.0,0
0.4390297534752835,13.452539760139596,0.7077170456577768,8.0,0
0.9886831931034605,15.3089104272753,0.9406220371091888,8.0,0
0.9410927719756672,11.610094999805018,1.1868885459766578,8.0,0
0.181012566834098,19.823172911360885,1.0037844606175392,8.0,0
0.6219458928849305,10.347298069278576,0.6421606814471085,8.0,0
0.9843020874261789,8.528325092918319,1.1160753787616722,8.0,0
0.1513426865105839,17.018964713596155,1.1087091454572766,8.0,0
0.32042118384469515,19.654297644695887,0.7602817660114427,8.0,0
0.2425203016462501,11.292352349185357,1.1806279483241398,8.0,0
0.20214210599343252,15.39458434092129,0.595264422167983,8.0,0
0.716767437112083,7.313299014844427,1.1606248759347193,8.0,0
0.9223400356441329,19.766201096619213,1.1148908878355583,8.0,0
0.44732790092356756,11.987040070171041,0.7197230503717517,8.0,0
0.5429494091014787,8.568508211203492,1.1720411247894449,8.0,0
0.47606833534239834,10.04031543084783,1.1546925925784548,8.0,0
0.4127778066951088,11.32247836019078,0.9395498842098401,8.0,0
0.7575008959090147,11.385017454536548,0.6555805130475285,8.0,0
0.6597046946532733,7.552033971722011,0.9332179939557799,8.0,0
0.6783086547239918,14.583425394462179,0.7463877949565205,8.0,0
0.45668873358674245,8.975231814276286,1.0525572592919326,8.0,0
0.7446152809382727,15.371563550581424,1.1799204572130795,8.0,0
0.8981364078341534,11.437408061799868,1.030533389578042,8.0,0
0.6796452553397858,13.055455251872766,0.5980281745013765,8.0,0
0.5442837770852703,8.25435443797093,1.0659207187880748,8.0,0
0.7653660967803527,7.6863694330049315,0.5632299638675733,8.0,0
0.1977277518165934,16.753804689817596,1.1590612343505582,8.0,0
0.36075425454584664,6.638674771846125,0.9954040616336682,8.0,0
0.5703370220021349,14.085057009599861,0.8512749960754861,8.0,0
0.8287667555116968,13.773454558229592,1.0615489934758129,8.0,0
0.6919834684413307,15.274297685881363,1.0156064423876283,8.0,0
0.6203688262278261,10.396415049085766,0.7773842216248017,8.0,0
0.12009346323844565,5.557673134751967,0.8253744216392458,8.0,0
0.8217758968759317,15.608396194352041,0.7694226535907074,8.0,0
0.5315767074990392,17.57171322351534,1.051385010990539,8.0,0
0.6491999663645187,17.735946125627066,1.1854453639117888,8.0,0
0.6606697257588992,19.54822473051844,0.5546063397597245,8.0,0
0.7982701980826487,6.441572070742497,0.6551839225155142,8.0,0
0.4052530805336191,6.750511829524662,1.0011739783204032,8.0,0
0.41449190130237845,7.529496847004055,0.65031981265703,8.0,0
0.12229056120224452,19.408028070057508,1.1658274650123914,8.0,0
0.3289970329681736,15.489103524441335,0.5325019515688834,8.0,0
0.41461431456747,15.143993251985282,0.6593736871475144,8.0,0
0.40523402255363294,6.9670458801928525,0.6059216495800939,8.0,0
0.10558915942507868,10.079463495473785,0.7980173130137942,8.0,0
0.4803397755091672,9.273747536288909,0.8722121083385044,8.0,0
0.12284036334511605,11.086616529538748,0.9290288944387068,8.0,0
0.787668153855955,19.890908011330758,0.807562447607704,8.0,0
0.9461697463549762,18.745579916001212,0.5974335907841853,8.0,0
0.550758981389424,8.364210489312907,1.0551542588132627,8.0,0
0.7616512533634181,19.6018483775446,0.5415339549791838,8.0,0
0.48973127262408145,10.467976937656449,0.9589746731856452,8.0,0
0.577739024914244,13.55282231588763,0.5994297212133728,8.0,0
0.9470170339555849,9.874725979945694,0.7752505735187931,8.0,0
0.3057372449454784,9.55042029563482,0.7651213586428458,8.0,0
0.33454410087638364,11.80247817621347,1.0831627477019354,8.0,0
0.8592995199606773,14.184758039095428,0.8868966398887538,8.0,0
0.6420544079762357,12.563581354008791,0.5497014402877389,8.0,0
0.19179637927801974,12.18000780499531,0.5516892889979615,8.0,0
0.21674538787194508,14.386584046311164,1.1619087611683572,8.0,0
0.13128668027748527,14.034725659222516,0.8167426329808023,8.0,0
0.13555764909388907,16.70558067561619,0.9932764418339373,8.0,0
0.9409042917219508,14.95910679845576,1.0008531047522973,8.0,0
0.42409467705543913,13.686477783561726,0.9343311911537677,8.0,0
0.2048549808696372,7.988241853210371,0.6652602406533414,8.0,0
0.6488922172528538,13.143270477192491,0.7259221009409611,8.0,0
0.8108104991032787,15.377207776889607,0.5975208249878495,8.0,0
0.8108220717346885,9.64329834553829,0.8262841307090292,8.0,0
0.26357385158888436,11.049203831664933,0.6607307508855006,8.0,0
0.7600321295645873,13.823696732005029,1.1170130832201994,8.0,0
0.24225417343422606,13.620372242497044,0.830452657580394,8.0,0
0.5285443315415371,16.33168803621268,0.7902754977087635,8.0,0
0.7257440997451491,9.180672484270536,0.5889531671048754,8.0,0
0.8135720894396601,12.8878462540237,0.6734293396507783,8.0,0
0.5066147889337929,14.489697386615987,0.6728547452493362,8.0,0
0.26256312748225896,19.858560577850604,0.6291050209577321,8.0,0
0.4008386033739961,10.97519525907816,1.1028117347173323,8.0,0
0.35041041725652,8.324273208438793,0.588678038893458,8.0,0
0.7845352181645322,13.477744269985118,0.5659951517821825,8.0,0
0.509453619359666,19.826675717620326,1.1461503535681783,8.0,0
0.6061454733090125,8.527751303256311,0.9122853748909107,8.0,0
0.5614338676544348,19.549701700161883,0.5105283218924717,8.0,0
0.38021184663679153,11.047221113539212,1.0112166184146547,8.0,0
0.7742732962626813,16.012933660033944,0.8982207726715847,8.0,0
0.5965140560684469,9.353804743217431,1.108205387251246,8.0,0
0.48418881066016783,10.36305363625922,1.056587720559813,8.0,0
0.7522683291516673,9.77827301626763,0.5165815905065861,8.0,0
0.10754479646568657,17.76238863777113,0.6057326057976515,8.0,0
0.6422010299944495,13.860974779021534,0.6577475366101115,8.0,0
0.5010264927189387,11.285345596381983,0.8518955556648675,8.0,0
0.8713199264022571,18.73957435358769,0.5605990329524392,8.0,0
0.48617442894300733,9.418053976905506,1.0514943508852685,8.0,0
0.41126310763170215,12.276583970676752,0.9946037076185387,8.0,0
0.6716973441389281,16.151539095708564,0.8016441172834982,8.0,0
0.5871908533237299,9.082161049992806,1.0439665587309048,8.0,0
0.8796610439497895,9.531942366867215,0.8484302361483651,8.0,0
0.19414490463962925,6.675901096985572,0.6012401206802844,8.0,0
0.6669148199552345,16.79396060420382,0.5904333315225238,8.0,0
0.9976923093063129,10.307997013787334,1.1253412509936607,8.0,0
0.9996477615422705,17.615891520354644,0.7662474833064823,8.0,0
0.12174709343937733,12.61957502850756,0.8415603284285312,8.0,0
0.10316650699949985,18.029785923906147,0.6023288500606103,8.0,0
0.6643048387605187,8.937723236724393,0.7900048061818618,8.0,0
0.5228984284465873,13.814955203035245,0.8636635464086582,8.0,0
0.42799534405687434,5.606934808655469,0.5886232141799428,8.0,0
0.6615918777909884,14.09026654894958,0.9677905516923704,8.0,0
0.17233932410038993,8.746950334377699,0.6644092546208434,8.0,0
0.8331680336020253,16.39702321998971,1.0261490597357148,8.0,0
0.9747125539104262,18.737769406076332,0.950852443055203,8.0,0
0.5579595510938682,17.264810574412646,0.8847638165214572,8.0,0
0.7908568711385284,7.702564642184927,0.8591039522812326,8.0,0
0.5352450436433923,12.269759491417137,0.8636523100019466,8.0,0
0.6525912870747348,14.081271916215805,1.1668099450065919,8.0,0
0.297593542472285,7.158762217761161,1.0105941639570215,8.0,0
0.3191320890361427,9.207543332227905,0.6256038780408489,8.0,0
0.5297750288960822,11.14237265144353,1.1826170455836125,8.0,0
0.707665773836511,13.773089281548003,0.904139964587581,8.0,0
0.35650306471114546,18.307770788334793,0.5814490607305101,8.0,0
0.7619993419988865,6.860195054270647,0.8488732237713696,8.0,0
0.29475796942496374,13.307341802359172,0.6373820032703797,8.0,0
0.552582039449916,5.46663584515076,0.672738093185193,8.0,0
0.7618554178845078,12.795344317126872,0.8465946924148111,8.0,0
0.672839734141548,12.878822326910626,0.6841468777731365,8.0,0
0.9009741519880773,9.69742596767244,0.512761576573544,8.0,0
0.27055226688205497,11.136068084740717,0.5068324480742109,8.0,0
0.5911338796174518,19.2991422653405,0.8917931534863699,8.0,0
0.28636046953651884,5.962638998058895,0.8783995254389991,8.0,0
0.7169037884905876,14.623388042601611,0.897239067493683,8.0,0
0.43111150751659577,10.825406088825764,1.1036775164981054,8.0,0
0.14350524464515008,9.482397496417244,0.7010717560197368,8.0,0
0.9832416848205502,12.526583969124564,0.6268511252965254,8.0,0
0.8631616543008913,10.60619755720801,0.7695288460668754,8.0,0
0.40344094849242607,7.253833365672272,0.8126389244736554,8.0,0
0.5942906342841379,11.792549688618385,0.7669190635008103,8.0,0
0.3067248946774935,17.880541639813394,1.1041222789758574,8.0,0
0.6064462310944886,15.652485401243228,1.1376859116378402,8.0,0
0.2444124751772293,6.910281477611335,0.6388391142616138,8.0,0
0.6322336527749328,6.100141812463609,1.0136801011375605,8.0,0
0.14491250848075687,5.384787220407868,1.17640698797921,8.0,0
0.41794682346512135,13.390804319626074,0.8380433118820589,8.0,0
0.6824836603370498,19.13257367647035,0.8899762980428854,8.0,0
0.39039201146750846,5.6072664809083825,0.9514024979121045,8.0,0
0.4784667608983302,19.330551733897487,0.909642652739556,8.0,0
0.6706337973935771,14.620812465826047,0.8800958804896111,8.0,0
0.44920283749203427,11.915220009385838,0.9780082531477379,8.0,0
0.31495717397251827,7.73810525854651,1.1294823587783762,8.0,0
0.7145305867461633,18.069492217295974,0.7571219884805873,8.0,0
0.6182802835508064,14.064538935804014,1.1262334311869409,8.0,0
0.8896890440899853,8.904049196614448,1.1779936461927063,8.0,0
0.43500796971329947,14.145042720263035,1.1952621267316301,8.0,0
0.4664608377189553,14.62814458383485,1.1918135038035698,8.0,0
0.6663633946041077,14.86428360690217,1.0517124932119923,8.0,0
0.8091192618632791,19.220232863897188,0.9542391518617925,8.0,0
0.32595715290773486,5.917702251063979,0.5558026853191037,8.0,0
0.9660709160064,17.34960241287704,0.9153635950270052,8.0,0
0.9099743376685131,18.05198721298592,0.751703364095087,8.0,0
0.8285067734504156,7.985798738549539,1.188686652737596,8.0,0
0.38450729763527314,9.193859533894164,0.6276212209541298,8.0,0
0.5998101759141844,18.520073381494424,0.8879918795743338,8.0,0
0.1350856453994918,5.800095375563592,0.8627943680718598,8.0,0
0.9009495261952151,13.750217491104667,1.0224988145087508,8.0,0
0.8530618979774384,6.97297714851962,0.8002676889342886,8.0,0
0.10343318691090307,11.282520075479503,1.1009192548563949,8.0,0
0.80872129415079,10.017488340207898,0.9990181255786097,8.0,0
0.7412852114521667,12.37141086965563,0.5727092735011966,8.0,0
0.9335574081108586,13.58870604531797,0.6248868168916145,8.0,0
0.7065234178087744,16.56571867843885,0.5780149936193402,8.0,0
0.48249066482738245,19.244807447337244,0.9111692942583424,8.0,0
0.8063441727967858,7.27175844782846,0.6869623689076116,8.0,0
0.9668176265126284,6.211800093209725,1.1258718739998756,8.0,0
0.15720337434145648,13.916350020656207,0.509659297879273,8.0,0
0.9120994095919819,13.020597196172318,0.8761365294735404,8.0,0
0.4496548805307514,15.459187543571012,0.9669979465666303,8.0,0
0.6415112025296285,11.922773616863516,0.6326546805283425,8.0,0
0.6215605837936935,19.08570322165526,0.7093506446326647,8.0,0
0.5144287394752984,5.863476613583816,0.5597115218938259,8.0,0
0.27950010452014395,14.452459848581785,0.6907152199064597,8.0,0
0.9548346423861238,11.243022544486204,0.9369539843929748,8.0,0
0.6089554154639825,12.455241518788334,0.7797797838295352,8.0,0
0.5015275674489786,19.940251751816334,0.56445320188509,8.0,0
0.9695316119135177,8.801425782636631,1.0586338026324191,8.0,0
0.3078412691728122,10.871580121290506,0.9987673334913726,8.0,0
0.9320462885047541,11.544561565340889,0.9267515761376717,8.0,0
0.412709549308132,8.141730211129044,1.1582420766920152,8.0,0
0.9451436880538157,19.64052405303905,1.1847553389855983,8.0,0
0.9126356574471297,13.410530761197913,0.71643444674788,8.0,0
0.45242056997346947,9.389432065908725,0.7223388329384847,8.0,0
0.789719087071181,19.096688355430096,0.898977829113335,8.0,0
0.741927713104628,9.111203295913285,1.1265152956776678,8.0,0
0.5775302541479963,14.93375770053164,1.1048121526785333,8.0,0
0.3846106375932534,7.821572923096449,0.8900003167012724,8.0,0
0.8357878726503485,17.87468411372614,0.5351115180230194,8.0,0
0.8133488224775725,9.128857367396748,0.574281825373038,8.0,0
0.3671561733957953,6.825838225509214,0.7613867527927006,8.0,0
0.5363696839699847,18.84315273913074,1.1124261631965935,8.0,0
0.7770190130797421,6.468437316364026,0.8151895943990368,8.0,0
0.3976414598476462,19.66859467928731,1.14034335666158,8.0,0
0.9224819913070548,17.575767589646468,1.0245067797158027,8.0,0
0.739684419814659,12.90407511861908,0.9075947961826104,8.0,0
0.5322345754375604,12.589042459494895,0.612732234339858,8.0,0
0.31890620423324806,8.512566985335411,0.7386518521866499,8.0,0
0.5200125798557045,11.64955554104252,1.141531917130815,8.0,0
0.24764225969406836,11.491676874956475,0.6752674435999138,8.0,0
0.9724027847586115,12.58803284245954,0.9183010916180705,8.0,0
0.9649242891190899,15.323262193502194,0.858494282761699,8.0,0
0.42847563077994644,16.61662243805474,0.7862933685434527,8.0,0
0.7812630327142215,8.007961317346991,0.5165932713927769,8.0,0
0.3833921186550322,15.781664181231722,1.195387955096285,8.0,0
0.28409051959398945,17.20090153354657,0.9216720729405272,8.0,0
0.5251820462540377,18.73303460632423,0.8846274180242919,8.0,0
0.5982499705804404,5.569308988783385,0.936492493046749,8.0,0
0.7986700977638768,13.75143093794463,1.0645284592864188,8.0,0
0.6298145116109612,15.518309727832827,0.6972960330827787,8.0,0
0.23681944096587138,13.477341051551575,1.0129562932165164,8.0,0
0.5933465934182992,7.663986812218546,1.0647576053549352,8.0,0
0.2584264441287545,11.226038631261375,1.1027474188339381,8.0,0
0.2833909174452781,9.550624799261879,1.169397198104611,8.0,0
0.5472366141063935,8.947108478533089,0.5038375015453084,8.0,0
0.5564812655374615,18.017154373832422,0.6789726810330814,8.0,0
0.6453799422111933,5.7132187224057365,0.502183723105886,8.0,0
0.5993565315197712,6.658734101742811,1.1841252278160797,8.0,0
0.6802371303660645,12.384946964857857,0.8068987316642922,8.0,0
0.18964357275628155,15.808382609435734,1.1765641814753747,8.0,0
0.6014967419356104,13.501337652824327,0.64003876261528,8.0,0
0.2814639441316573,5.296390733363837,0.9961477813819416,8.0,0
0.8049868919397207,14.080610125192145,0.56188040129721,8.0,0
0.18320453870162853,10.064475771302021,0.970381818887524,8.0,0
0.8299850181661643,14.721951163470608,0.559959756154487,8.0,0
0.47432722735389676,6.698436904197731,0.7693711736551837,8.0,0
0.9085652165616912,17.42500581442942,0.9423833836929516,8.0,0
0.2897372736927716,6.530258633533246,1.0942442720592087,8.0,0
0.5522581990108942,6.235512126761965,1.1147356507863915,8.0,0
0.5892365504609018,19.043313406782932,0.5260902952175961,8.0,0
0.3105169034554819,9.984766461802295,0.581650537860063,8.0,0
0.2617673264965201,13.25519051735572,0.7204398262572808,8.0,0
0.5196628277386228,6.785751581643879,1.1771312653794244,8.0,0
0.5654887495733221,9.941198860397488,0.8548579749207037,8.0,0
0.7097263844530115,11.59002777404244,0.8756437777067564,8.0,0
0.5573071300565297,14.913733294395554,0.6971220521010053,8.0,0
0.7906715327560929,11.563763470937538,1.0972773066196861,8.0,0
0.42441999648324014,7.987246653624759,0.6915642909743578,8.0,0
0.17524646729626853,14.775117739719237,0.6680408732626096,8.0,0
0.4596055747147467,9.414592258061415,0.6813921427437166,8.0,0
0.9289730317712441,19.661866673967975,1.031624734046173,8.0,0
0.9255122409545721,8.371087598952416,0.5062662541730784,8.0,0
0.3993894670735164,7.777671039807389,0.609596379821391,8.0,0
0.9879841395331749,7.745871763170005,0.7523534891076291,8.0,0
0.13127373384959903,15.50400560168046,0.8414574084148241,8.0,0
0.21352918519241995,9.032642802507773,0.5384004885689551,8.0,0
0.9790368264888618,9.593576475096363,0.5440401758415022,8.0,0
0.8842619911251826,13.200897413083267,0.8992145037656656,8.0,0
0.4451475724131826,14.902613421660377,0.7124745494538576,8.0,0
0.6329990199110075,8.724775405306044,0.7975563705773585,8.0,0
0.31503393389180423,18.821995728107133,0.8408959597113096,8.0,0
0.6387407190432917,14.044494729009136,1.1170607125171474,8.0,0
0.5517923479312214,19.33369744751013,1.0621347722349894,8.0,0
0.9005341007516691,13.793885599606734,0.7090136557853344,8.0,0
0.2536309879302848,15.146983961592472,0.5328061863523269,8.0,0
0.6235944083601924,11.455779934454295,0.6364791888810585,8.0,0
0.8870417396879478,9.140624276211568,0.5783204339040863,8.0,0
0.3462812030239271,11.775945110727104,0.8954663244682542,8.0,0
0.9548898063510455,10.361772986173577,1.0748667299011074,8.0,0
0.8045675305735879,9.726191549220758,0.960185688280468,8.0,0
0.7075028169270321,7.966661554109372,1.1533580722643628,8.0,0
0.15730454252549544,5.927101478113503,0.887511012021432,8.0,0
0.3819376054149085,13.29252657429389,0.7075872579629365,8.0,0
0.8979998656515252,11.817502981621647,0.578986622273856,8.0,0
0.34577989315171886,7.408694330358773,1.1921936886796882,8.0,0
0.788318089728922,8.58132812986761,0.6445594424277314,8.0,0
0.7387726927519133,16.754017114353985,0.8488251089316242,8.0,0
0.9303537143834479,11.495995295915517,0.9176693425186044,8.0,0
0.1559815727703591,13.101032583181775,0.6602478144964691,8.0,0
0.2096202060072067,10.43115957188158,0.917434523844378,8.0,0
0.8612113765658546,9.996964621030664,0.8609477456505963,8.0,0
0.7010542636304193,5.1615247749671,0.8954944726913328,8.0,0
0.6429660049445007,6.815726742133714,0.8120463673111288,8.0,0
0.49662899404618877,16.185067734921926,0.7205802747057325,8.0,0
0.42716020805622046,5.906314826149765,0.6728480982358449,8.0,0
0.6887961534055509,9.730228520935125,0.9157886383886451,8.0,0
0.42546038996312807,13.84305375002518,0.9559943381824644,8.0,0
0.46463370395314363,18.28208849330112,0.5041593143469197,8.0,0
0.21693802029515635,13.320150028695176,0.6109957892377882,8.0,0
0.36794657859864255,8.587757577651104,1.069213142599688,8.0,0
0.3307889565446899,11.83242622988898,1.1067413345882822,8.0,0
0.5267455255213255,18.197365815159564,0.9293722464380898,8.0,0
0.8250551754198158,10.849462304915196,0.8843868239445336,8.0,0
0.1169665150332412,15.179732992476463,0.5147947025397187,8.0,0
0.7725406850114955,19.896992972771553,1.1698437663619519,8.0,0
0.6660125427373682,16.77240444045396,0.6619885086119127,8.0,0
0.5157238249730592,16.102071028991293,0.5915668433880503,8.0,0
0.36084065488560924,7.588666451219801,0.6809586589161256,8.0,0
0.20056521645002484,8.08251754978472,0.9348574981709565,8.0,0
0.9616046609952761,13.187098522140838,1.1477386215781347,8.0,0
0.42911764108080874,15.675213356011902,0.7379979061018924,8.0,0
0.5605452024589742,7.2338305294837255,1.0372526718116108,8.0,0
0.3359720451272301,12.052604322596357,1.181050663617368,8.0,0
0.5226176099275108,18.645997268852838,1.0913236199441494,8.0,0
0.5520131292439798,7.015720812786732,0.6295865096331665,8.0,0
0.4800858272299433,11.547704651927983,1.0379896670534272,8.0,0
0.7701561517842352,6.210634836556421,0.7572338482165455,8.0,0
0.13531627675572838,8.413715837817124,1.1691847392053958,8.0,0
0.34061974360507924,6.640241452730572,0.9794542093109012,8.0,0
0.18614003823258907,18.733219410419274,0.9386856248969622,8.0,0
0.7226334058642295,13.294385885399896,0.7526793234267732,8.0,0
0.12733648941814973,9.297200884252659,0.5419307635130601,8.0,0
0.7940969479513195,11.451329477596172,0.972483972188091,8.0,0
0.8515733789670009,9.434819467860194,1.1122316943285409,8.0,0
0.2124648918680333,12.903924292993675,1.044176739559039,8.0,0
0.7658580830821791,14.912212203776209,0.8955912887381738,8.0,0
0.2983132389231039,8.576846797215719,0.5065216021190614,8.0,0
0.5034309884358605,8.980292680014298,0.6685706886062273,8.0,0
0.6746771282900439,7.352870515816734,0.6655534860078915,8.0,0
0.7718363092972963,10.955438112842833,1.037457891213665,8.0,0
0.26244892015705196,10.738670335350516,0.9352275569332091,8.0,0
0.6238181409931484,9.440289988214786,1.1946900250600168,8.0,0
0.4508093380072763,14.579635322941176,0.6168883052168647,8.0,0
0.2560736732459886,5.206098004712961,0.6663064677577507,8.0,0
0.2796751325308901,16.926319305754053,0.624362341580555,8.0,0
0.4336487641768144,18.89498814514205,0.7681647181317741,8.0,0
0.24210681328757522,18.319794031094084,0.6139073567811909,8.0,0
0.9493984036301014,19.216557838545008,0.6459960174894266,8.0,0
0.33121694385807726,15.209953367916825,0.7393623887800922,8.0,0
0.2214947724618047,12.421835351106555,0.503967205504342,8.0,0
0.3206490602138155,14.285349325107417,1.1829157439907982,8.0,0
0.15332152043696223,6.363506307362117,0.824270661543811,8.0,0
0.8401486149235888,7.56377135950089,0.9025706887770781,8.0,0
0.40162633202810427,12.03058953247279,0.6030058416742006,8.0,0
0.8625285862497292,11.29654361435924,0.5187876245182256,8.0,0
0.6511185226601262,8.862774498686028,1.0322151370405723,8.0,0
0.1106334831090156,11.245130705669084,0.947725777003176,8.0,0
0.3901534661096875,10.61630232407282,0.7730944559293016,8.0,0
0.7131153014588454,18.94217633157642,1.1503341169693664,8.0,0
0.29817739793647324,13.22001241814161,0.8130966572260561,8.0,0
0.30344767151668084,15.111729207164977,1.094700304138994,8.0,0
0.7234126154117033,8.628767756158249,1.1047063400425587,8.0,0
0.7636210126844817,10.87208869139863,0.9283629499601833,8.0,0
0.7504688284922013,15.940255136884534,0.7674661762623232,8.0,0
0.20194131723652953,14.925340854390305,0.8842757790858693,8.0,0
0.6207486405542323,17.424453150832676,1.106303727979058,8.0,0
0.6455648437961807,16.158617923614077,0.9788287975372544,8.0,0
